{"TEST_TYPE1": [[60.74094212626994, 26.00235268518256], [65.5860461539286, 51.319849568464946]], "TEST_TYPE2": [[80.17976955454162, 153.44147038022652], [10.294267720574403, 15.693861848453896], [131.10209937466126, 26.783514052815303], [111.47108767409088, 78.00793491639651]], "TEST_TYPE3": [[218.20065477602722, 72.87459659881713], [213.69194072432984, 185.573730752994], [38.55731892268324, 64.09033912044632], [198.26437527252563, 20.47177286064003], [117.01438868515183, 84.1698509388479], [105.09282362632149, 24.644706881575132]], "TEST_TYPE4": [[30.338534239614916, 166.51983860643307], [13.222370428610613, 149.17580725910491], [31.995787425381618, 300.6100970270948], [30.49606429111209, 285.48242056948664], [54.072015927322646, 238.90471781460218], [152.89817773281902, 195.9878909695906], [80.17299020444938, 125.91994230787427], [186.03756687416592, 155.9857741104468]], "TEST_TYPE5": [[156.10836650923167, 16.24294379753149], [89.99961811059403, 129.48382025880358], [378.38927655557586, 260.6014016797818], [286.3365278489627, 165.23067864095933], [74.0509684409253, 121.07166061551226], [316.56578504447134, 354.8479796162444], [324.63726059353417, 46.61668112629466], [109.15328635280083, 378.57101986354917], [83.73449576049572, 286.3579690114588], [289.924283894631, 160.87999208736213]], "TEST_TYPE6": [[177.8988842751668, 251.86440503812636], [309.37875535319864, 207.19338853122568], [143.90062191630813, 400.7990723722628], [259.0927410119924, 290.487114422159], [184.70755678372436, 248.72543988197017], [262.3708853249156, 206.51513054560888], [53.70962507060697, 250.20657280339898], [314.9501626593252, 465.23586628188656], [113.8700305425991, 294.6399493963656], [118.08813749198781, 262.8754950667252], [95.0701951917429, 405.3087691448144], [345.0549010577554, 231.33788584201181]], "TEST_TYPE7": [[468.6229834274603, 525.1725904281247], [296.810178598037, 559.755712825215], [448.47485887553506, 424.95703560010236], [508.34788590637976, 54.30627864918318], [292.023123784924, 379.18965354817163], [273.06622626393107, 212.20325249910408], [391.07405550960794, 351.15195535082705], [511.693161553794, 102.97170275030982], [25.740859756354187, 409.7555539389557], [187.65991879465918, 80.08484812832017], [553.6010540143218, 283.232400053018], [331.5319711391875, 463.9815957289525], [367.6231718504258, 378.5383945242781], [232.3790228890954, 537.0900030393021]], "TEST_TYPE8": [[186.52182660057363, 261.18521368256273], [553.8502556558063, 603.2596149205162], [46.75144989539955, 32.262926063254895], [414.16823563433843, 443.33940485860927], [359.92491790089565, 379.0549711885617], [166.4830187200172, 152.75080813794128], [233.53204258910085, 384.67963504183814], [453.7844979050514, 41.88322144675922], [445.3127496342343, 504.8802836818009], [34.19665953775174, 132.2545755585337], [413.7608261895279, 24.481906424805477], [634.5760489032343, 571.7674574109702], [326.24413971523535, 523.750332216512], [163.19144136241218, 458.79710665969816], [153.33407971775264, 431.0233665175754], [96.08008055582958, 14.450271068591029]], "TEST_TYPE9": [[136.0942628770951, 110.08599529734629], [39.26868502999699, 445.3532523490155], [536.3524263406039, 135.34532747105698], [655.5591961105245, 598.9973030815845], [670.9803252697318, 688.0206256465121], [47.61627323200777, 388.34364576491095], [339.040685560136, 624.6093786006563], [323.186096896992, 272.79548437133906], [568.4451203630854, 122.12288723554329], [233.89191752566722, 307.22456213692465], [691.9483165219923, 559.1276360116491], [666.4323926821738, 33.95129602966875], [456.37392412621875, 289.3022503739932], [635.4041879183487, 638.5138968865626], [480.0965602988873, 228.2352152509946], [26.164905559812574, 608.5782663940801], [243.02080408325403, 257.2687031732879], [719.9864405826735, 303.89795092725797]], "TEST_TYPE10": [[472.1786742229495, 599.0892073817612], [534.6573058302529, 222.77963053025832], [400.9901942028928, 461.2784702360771], [276.9755525456847, 120.93378520152436], [254.13615134161333, 554.4524239172625], [573.6026596975496, 724.9170230693765], [774.8632263753414, 488.0489037529397], [240.6621366565502, 217.9723296721937], [194.26018943557088, 50.83496607994269], [390.0343449837361, 123.94019859916958], [397.11853329969085, 368.2270557914334], [656.6994447816796, 594.6457410090594], [601.3334704127989, 760.4506269534405], [703.0249282711577, 505.8725297503578], [468.2348949210896, 507.67906311994346], [245.38772614241952, 276.38018373350803], [181.78751406904516, 644.4811972269704], [50.856161649016556, 510.7028807935151], [723.9091188461373, 163.49327838356848], [68.55153211328013, 523.7898962482152]]}