{"TEST_TYPE1": [[320.6115212501223, 331.5021906479556], [439.3409773888197, 469.0141482082458]], "TEST_TYPE2": [[355.9791666845317, 70.52494104827176], [187.22662180632003, 149.3591978768294], [243.50273348364775, 103.1629040265593], [224.46739405529004, 35.163901351478785]], "TEST_TYPE3": [[25.308204243849346, 134.95184205538064], [331.86136031564394, 227.77544588997665], [390.13756268244634, 61.35452288371585], [264.56543354635596, 18.88748273844282], [444.7157069217586, 444.5552644620943], [80.64610023645838, 434.7073465435143]], "TEST_TYPE4": [[247.37384414358993, 39.3360100893619], [94.08469888145376, 401.39408881346105], [485.5506345576911, 339.3010703619861], [389.0677750583839, 364.81816220345183], [10.44031299352513, 230.97017076303015], [174.94402430607775, 97.14096723397006], [312.4088512343752, 122.18261226426264], [73.12580086698753, 48.43814054688071]], "TEST_TYPE5": [[97.46247792543991, 455.81174305918336], [212.0278267848728, 316.91695591790017], [323.1130111367257, 35.652135366782396], [37.30174776226073, 344.87056706616613], [127.70472920702616, 327.12790854460246], [271.6810600488982, 144.76603860431905], [204.00651788384317, 239.6464324094232], [452.31646989734304, 91.60504353272806], [68.27695944505855, 55.795793233349684], [303.59086139029955, 141.33185672985653]], "TEST_TYPE6": [[254.67185029473316, 16.79280543780184], [260.22677000733495, 109.64162041355544], [107.39228066844618, 59.590291442945315], [300.2378700949195, 80.72815540137992], [234.28530340923456, 288.9427043551793], [236.15195009888228, 336.6582747412717], [311.8600029079784, 390.3459901616394], [380.995871966104, 275.06476321909633], [122.1643219644952, 155.59193559617836], [95.15425064364143, 341.7349746316866], [120.12707449294311, 244.30621254906464], [443.63691988761724, 458.3762039130663]], "TEST_TYPE7": [[88.5523547121559, 436.9607572996135], [290.0534586803202, 221.72753696265568], [347.9506587912952, 415.8337036767206], [409.0725360454755, 44.66495804248461], [477.3728999030277, 74.2115295213761], [33.42805762026739, 206.60401377061936], [106.02427540295301, 121.14652446702195], [223.17249758733576, 159.5830066553446], [207.41221502307133, 170.57295870799973], [240.64679454980495, 420.09050447445696], [47.69822749438879, 166.13569791215755], [71.51999677214627, 167.1451904402323], [223.59493131496652, 92.82604613506713], [269.4432856134157, 252.7929441478693]], "TEST_TYPE8": [[453.7937535480022, 474.24333042465565], [57.877549299947084, 262.3465100659439], [191.60813939971544, 224.76778262384533], [190.5136327013006, 138.45039849699677], [230.90802196827377, 27.807421604710587], [199.61971846330303, 333.0850602619834], [469.367472528795, 437.2514570332693], [373.8674740681318, 158.63007086356197], [68.17991850006484, 409.6442743354007], [108.54269108762473, 350.1954834773311], [264.7044970643812, 254.70840175967203], [298.59107657173445, 167.58035041686992], [221.6594298926036, 158.18038639533415], [239.03287070177072, 11.676048786265216], [76.18319103103865, 223.14990528614703], [440.37048423126197, 358.6646871816796]], "TEST_TYPE9": [[72.92501720039652, 461.126220735332], [10.199752668705493, 92.34022898187034], [399.1758383086184, 470.1492518300551], [193.62114513119855, 420.47004675966514], [366.98750984032284, 447.2427904284495], [218.42827207510777, 95.51518414784583], [479.22137581948493, 372.65281576997137], [25.052977236557776, 404.87337265320554], [45.42461505488936, 55.020001457462385], [311.67419094758026, 372.8572692975208], [294.377740139245, 153.38455704673618], [165.69882466837174, 81.74851591789721], [26.450472692445253, 326.64909387080314], [283.09972344920556, 441.1414192278487], [323.8520680159958, 343.4440202065117], [255.90202498105737, 382.06100214250534], [110.22103149819398, 363.4738880463653], [311.0796439173909, 177.44342588583416]], "TEST_TYPE10": [[30.706447184621943, 327.7754943885236], [172.65994256291864, 303.0133532934532], [119.50225541605947, 150.56761048995372], [371.18111561724686, 38.14184262553687], [210.9155121419875, 366.31815734633733], [54.27450251630386, 442.2661010758569], [108.2173971078233, 53.81258424254624], [323.3626115001055, 376.7528939253773], [21.730630148324614, 383.44837939079855], [333.5540644879531, 171.0527521128949], [392.11847663859277, 221.87449757564445], [488.7449040555909, 469.2316587093552], [125.47234634185676, 188.20405734206136], [204.02142249651337, 295.5359616591187], [444.6730948154024, 207.26404342156923], [147.44690866543445, 137.5277332228544], [78.42572597040498, 211.07852248464405], [49.470133488982114, 162.61538476431662], [111.59834815999075, 402.3156535367752], [369.1541917898946, 304.6558938713553]]}